account,contact,name,street1,street2,city,state,zip,country1,1,office,4233 NW 18th St.,,Atlanta,GA,30336,USA1,2,billing,PO Box 30,,GUNTERSVILLE,AL,35976,USA1,3,street,155 Robinson drive,,Wellington,FL,33414,USA1,4,jobsite,16050 W. Orange Ave.,,Largo,FL,33773,USA1,5,office,330 Lee Industrail Blvd,,Conway,SC,29527,USA1,6,billing,4618 Scarborough Drive,,Crestview,FL,32536,USA1,7,street,450 Calaway Road,,Forrest Park,GA,,USA1,8,jobsite,2255 Hwy 21 South,,Pinellas Park,Fl,33782,USA1,9,office,155 Robinson drive,,Surprise,AZ,85374-9002,USA1,10,billing,"770 North Drive, Suite A",,Jacksonville,FL,32204,USA1,11,street,375 Lee Industrial Blvd,,Austell,GA,30168,USA1,12,jobsite,2401 Pinson Valley Parkway,,Atlanta,GA,30336,USA1,13,office,530 Interchange Drive,,Hope Hull,AL,36043,USA1,14,billing,6141 Siesta Lane,,Atlanta,GA,30336,USA1,15,street,2781 Wrights Road,,St. Augustine,FL,32092,USA1,16,jobsite,27730 Faygan Lane,PO Box 2369,Tampa,FL,33605,USA1,17,office,4681 Bonanza Rd.,,College Park,GA,30349,USA1,18,billing,101 Sansbury Way,,Montgomery,AL,36117,USA1,19,street,P.O.Box 1128,,Loxahatchee,FL,33470,USA1,20,jobsite,5411 Willis Road,,Palmetto,FL,34221,USA1,21,office,4114 PARKWAY BLVD,,Jacksonville,FL,32218,USA1,22,billing,1791 Og Skinner Drive,Suite 210,Boca Raton,FL,33487,USA1,23,street,100 Morgan Industrial Blvd,,Crystal River,Fl,34428,USA1,24,jobsite,330 Lee Industrail Blvd,,GUNTERSVILLE,AL,35976,USA1,25,office,995 Goldenrod Road,,Montgomery,AL,36104,USA1,26,billing,99 North Church St.,,Punta Gorda,FL,33982,USA1,27,street,26216 CR 448A,,Cocoa,FL,32926,USA1,28,jobsite,330 Lee Industrail Blvd,,Lakeland,FL,33803,USA1,29,office,2401 Pinson Valley Parkway,,Middleburg,FL,32068,USA1,30,billing,405 Belmont Road,,Ft. Pierce,FL,34979,USA1,31,street,P.O. Box 28,,Cheshire,CT,6410,USA1,32,jobsite,PO Box 300 ,ATTN: Geoff,Atlanta,GA,30336,USA1,33,office,425 S. Riverside Avenue,,AUBURN,AL,36832,USA1,34,billing,1323 20th Ave East,,San Antonio,TX,78221,USA1,35,street,1928 Executive Park Drive,,Winter Garden,FL,34787,USA1,36,jobsite,500 World Commerce Pkwy,P.O. Box 617,West Palm Beach,FL,33417,USA1,37,office,5200 HAZELTINE NATIONAL,,Tampa ,FL,33610,USA1,38,billing,P.O. Box 1452,,Oak Brook,IL,60523,USA1,39,street,5594 6th Street West,,Ft. Pierce,FL,34954,USA1,40,jobsite,6900 Professional Parkway East,,Nokomis,FL,34275,USA1,41,office,114 Blacksher Street,,Birmingham,AL,35207,USA1,42,billing,17502 CR 672,Unit 102,Ocala,FL,34475,USA1,43,street,1821 New Buckeye Road,,Lake City,FL,32056,USA1,44,jobsite,42 Industrial Road,,Riverview,FL,33569,USA1,45,office,475 South First Avenue,,Harvest,AL,35749,USA1,46,billing,19313 US Hwy 41,,Hurtsboro,AL,36860,USA1,47,street,BZE 11620,,Zephyrhills,FL,33539,USA1,48,jobsite,268 Andes Ave.,,"Guelph, Ontario N1H 3Z6 Canada",NULL,,USA1,49,office,6679 Oak Ridge Commerce Way,,Bunnell,FL,32110,USA1,50,billing,530 Interchange Drive,,Plant City,FL,33566,USA1,51,street,1205 Elboc Way,,Riverview,FL,33569,USA1,52,jobsite,1955 Monier Avenue,,Winter Garden,FL,34787,USA1,53,office,3808 East 26th Ave.,,Birmingham,AL,35217,USA1,54,billing,1932 Kingfish Rd,PO BOX 9,Fort Meyers,FL,33966,USA1,55,street,330 Lee Industrail Blvd,,Ft. Myers,FL,33912,USA1,56,jobsite,245 Clow Ln,,Greenville,GA,30222,USA1,57,office,210 South Hoagland Blvd.,,Statham,GA,30666,USA1,58,billing,P.O. Box 2692,,Huntsville,AL,,USA1,59,street,2603 Maitland Center Parkway,,Geneva,FL,32732,USA1,60,jobsite,1409 Tech Boulevard,Ste.C,St. Augustine,FL,32092,USA1,61,office,11810 North West 115th Ave.,,Ashville,NC,28806,USA1,62,billing,1205 Elboc Way,,Tampa,FL,33609,USA1,63,street,3540 Wetumpka Highway,Suite 1,Norcross ,GA,30093,USA1,64,jobsite,4618 Scarborough Drive,,Chuluota,FL,32766,USA1,65,office,1840-25TH STREET,,Lutz,FL,33559,USA1,66,billing,4635 North Royal Atlanta Drive,,St. Augustine,FL,32092,USA1,67,street,3810 Northdale Blvd.,,Lake City,FL,32056,USA1,68,jobsite,1928 Executive Park Drive,,"Macomb Twp., ",MI,48042,USA1,69,office,1928 Executive Park Drive,,"Heliopolis, 11361 Cairo, Egypt",NULL,,USA1,70,billing,330 Lee Industrail Blvd,,Mulberry,Fl,33860,USA1,71,street,19 Nautical Point,,Riverview,FL,33569,USA1,72,jobsite,2775 Gunter Park Drive W.,,Alexandria,VA,22310,USA1,73,office,"4 Laguna St., Suite 201",,West Palm Beach,FL,33411,USA1,74,billing,5796 WESTERN WAY,,Orlando,FL,32807,USA1,75,street,1050 W. King St,,LAKE WORTH,FL,33463,USA1,76,jobsite,530 Interchange Drive,,Jacksonville,FL,32204,USA1,77,office,3839 County Road 48,,Big Ben,WI,53103,USA1,78,billing,2401 Pinson Valley Parkway,,Sarasota,FL,34240,USA1,79,street,2401 Pinson Valley Parkway,,Dublin,GA,31021,USA1,80,jobsite,Guilford Technical Community College,,Winter Garden,FL,34787,USA1,81,office,12905 Phillips HWY,,Miami,FL,33166,USA1,82,billing,P.O. Box 2692,,THEODORE,AL,36582,USA1,83,street,2725 Judge Fran Jameison Way,,Oxford,AL,36203,USA1,84,jobsite,20900 Taft St,"3500 Lenox Rd NE, 501",Winter Garden,FL,34787,USA1,85,office,2620 Hunt Road,,Atlanta,GA,30336,USA1,86,billing,3214 Frontage Road,,Vero Beach,FL,32968,USA1,87,street,530 Interchange Drive,,Miami,FL,33136,USA1,88,jobsite,1409 Coliseum Boulevard,,Gainesville,FL,32601,USA1,89,office,9350 N.W. 89th Ave.,,Spring Hill,FL,34610,USA1,90,billing,2401 Pinson Valley Parkway,"Building 100, Suite 550",Miami,FL,33126,USA1,91,street,22 Annette Crescent,,Orlando,FL,32807,USA1,92,jobsite,3839 County Road 48,DCD-Building Division,Fort Myers,FL,33905,USA1,93,office,2401 Pinson Valley Parkway,,Austell,GA,30168,USA1,94,billing,Puerto Rico,,Nashville,IL,62263,USA1,95,street,11001 Fern Hill Drive,,Macon,GA,31216,USA1,96,jobsite,530 Interchange Drive,,West Palm Beach,FL,33411,USA1,97,office,14463 W Colonial Dr,,ORLANDO,FL,32891-7035,USA1,98,billing,4618 Scarborough Drive,,Okahumpka,FL,34762,USA1,99,street,215 5th St,,Pelham,AL,35124,USA1,100,jobsite,1442 St Mark Church Rd,,Atlanta,GA,30336,USA1,101,office,1913 US Hwy 41,,Dublin,GA,31021,USA1,102,billing,450 Calaway Road,,Miami,FL,33152,USA1,103,street,770 North Dr.,Suite A,Lee's Summitt,MO,64081-3291,USA1,104,jobsite,10110%20Fern%20Hill%20Drive,,College Park,GA,30349,USA1,105,office,530 Interchange Drive,,Birmingham,AL,35217,USA1,106,billing,P.O. Box 1301,,Myakka City,FL,34251,USA1,107,street,1928 Executive Park Drive,,Denver,CO,80235,USA1,108,jobsite,54 Cardigan Street,,Jemison,AL,35085,USA1,109,office,3483 ALTERNATE 19,Ste 210,Wellington,FL,33414,USA1,110,billing,2 Guerdon Road,,Forrest Park,GA,,USA1,111,street,13291 Vantage Way Ste 103,,Kearny,NJ,7032,USA1,112,jobsite,5411 Willis Road,,Dublin,GA,31040,USA1,113,office,1928 Executive Park Drive,,Sarasota,FL,34240,USA1,114,billing,401 South Bowens Mill Road,,Valdosta,GA,31601,USA1,115,street,438 Interstate Court,,Chico,CA,95973,USA1,116,jobsite,5411 Willis Road,Gallows Bay,Cocoa,FL,32922,USA1,117,office,5212 WILLIS RD,Suite 1,Madison Heights,Mi,48071,USA1,118,billing,4183 23 Lane North,,Tampa,FL,33619-7843,USA1,119,street,5411 Willis Road,,Port St. Lucie,FL,34953,USA1,120,jobsite,4477 EAST C.R. 462,,Carrollton,GA,30117,USA1,121,office,10110 Fern Hill Drive,,Statham,GA,30666,USA1,122,billing,3008 Smith Road,Suite 423,Palmetto,FL,34221,USA1,123,street,1 Purlieu Place,Suite 514,Melbourne,FL,32904,USA1,124,jobsite,530 Interchange Drive,,Conyers,GA,30013,USA1,125,office,3810 Northdale Blvd.,Attn: Steve Ford,Largo,FL,33771,USA1,126,billing,18850 US 19 North #500,,Viera,FL,32940,USA1,127,street,4317 Park Drive,,Panama City,FL,32404,USA1,128,jobsite,2250 Lovvorn Road,,Cape Coral,FL,33904,USA1,129,office,15912 Armistead Lane,,St. Augustine,FL,32092,USA1,130,billing,450 Calaway Road,,Tampa,FL,33610,USA1,131,street,3839 County Road 48,,Austell,GA,30168,USA1,132,jobsite,377 Agmac Avenue,,Ft. Myers,FL,33905,USA1,133,office,530 Interchange Drive,,Atlanta,GA,30336,USA1,134,billing,4618 Scarborough Drive,,Gainesville,GA,30507,USA1,135,street,9220 Marne Road,,Pelham,AL,35124,USA1,136,jobsite,3461 Fairlane Farms Rd,,Mulberry,Fl,33860,USA1,137,office,4317 Park Drive,,Atlanta,GA,30336,USA1,138,billing,530 Interchange Drive,,Fortson,GA,31808,USA1,139,street,8255 NW 58th St,,Sarasota,FL,34233,USA1,140,jobsite,PO BOX 977,,Fortson,GA,31808,USA1,141,office,14680 S.W. 8th St.,,Norcross,GA,30093,USA1,142,billing,530 Interchange Drive,,Farmingdale,NY,11735,USA1,143,street,1928 Executive Park Drive,Suite C,Orlando,FL,32821,USA1,144,jobsite,8255 Northwest 58th Street,Suite 1,Tampa,FL,33607,USA1,145,office,9819 State Road 7,,Riverview,FL,33569,USA1,146,billing,5796 Western Way,,Tallahassee,FL,32305,USA1,147,street,15212 State Road 52,,Fort Myers,FL,33913,USA1,148,jobsite,627 E. Broussard Road,,Orlando,FL,32807,USA1,149,office,1000 Charles J. Herbert Dr.,,Tampa,FL,33687,USA1,150,billing,5108 W. Kennedy Blvd.,,Atlanta,GA,30336,USA1,151,street,5411 Willis Road,,Auburndale,FL,33823,USA1,152,jobsite,530 Interchange Drive,,"Kingston 10, Jamaica",FL,,USA1,153,office,5219 Cone Road,,Apopka,Fl,32703,USA1,154,billing,851 S.W. DARWIN BLVD.,,Bradenton,FL,34208,USA1,155,street,9547 SR 7,,Cartersville,GA,30121,USA1,156,jobsite,1400 NW 13th Avenue,,Kissimmee,FL,34741,USA1,157,office,530 Interchange Drive,,Gordon,GA,31031,USA1,158,billing,1400 NW 13th Avenue,,Wellington,FL,33414,USA1,159,street,125 LASER INDUSTRIAL BLVD,,Lithonia,GA,30058,USA1,160,jobsite,Plant Vogel,,Findlay,OH,45840,USA1,161,office,2459 NORTH BELTLINE HIGHWAY,,Bradenton,FL,34208,USA1,162,billing,1701 Blanding Blvd.,,Austell,GA,30168,USA1,163,street,2401 Pinson Valley Parkway,,Naples,Fl,34109,USA1,164,jobsite,3810 Northdale Blvd.,,Palm Bay,FL,32905,USA1,165,office,3839 County Road 48,,Tuscaloosa,AL,35403,USA1,166,billing,1767%20Graffin%20Shoals%20Road,,Lutz,FL,33548,USA1,167,street,3790 S Eaton Street,,Belle Glade,FL,33430,USA1,168,jobsite,6450 31st. Street East,,Brooksville,FL,34605,USA1,169,office,1928 Executive Park Drive,,Hinesville,GA,,USA1,170,billing,"295 Bendix Road, Suite 400",Suite D,Riviera%20Beach,FL,33404,USA1,171,street,3372 Capital Circle NE,,Miami,FL,33152,USA1,172,jobsite,970 Kings Highway,,Coral Springs,FL,33065,USA1,173,office,1928 Executive Park Drive,,Mimms,Fl,32754,USA1,174,billing,9235 Danville Road,,Tampa,FL,33610,USA1,175,street,"770 North Drive, Suite A",,Pensacola,FL,32534,USA1,176,jobsite,851 SW Darwin Blvd.,,West Palm Beach,FL,33417,USA1,177,office,6900 Professional Parkway East,,Ft. Pierce,FL,34982,USA1,178,billing,"10210 Holland Manor Dr., Suite 110",,Birmingham,AL,35217,USA1,179,street,2623 NW 24th St.,,Atlanta,GA,30336,USA1,180,jobsite,1339 Ga. Hwy 112,Suite 115,Stuart,FL,34997,USA1,181,office,4233 NW 18th St,,West Palm Beach,FL,33416,USA1,182,billing,3595 Canton Road,,Birmingham,AL,35217,USA1,183,street,3415 SW 96th St,Suite C,Belle Glade,FL,33430,USA1,184,jobsite,7398 NW 44th Ave,,West Palm Beach,FL,,USA1,185,office,114 E. Cedar Ave,,Lakeland,Fl,33807-7057,USA1,186,billing,2601 Maitland Center Parkway,,Tampa,FL,33601,USA1,187,street,PO Box 110565,,Titusville,FL,,USA1,188,jobsite,438 Interstate Court,,Ft. Benning,GA,,USA1,189,office,14463 W Colonial Dr,,Birmingham,AL,35217,USA1,190,billing,8255 Northwest 58th Street,,Stuart,FL,34994,USA1,191,street,4369 Tanners Church Road,27502 CR 880,Bay Minetti,AL,,USA1,192,jobsite,2601 Maitland Center Parkway,,Lake Placid,FL,33852,USA1,193,office,11001 Fern Hill Drive,,PALMETTO,FL,34221,USA1,194,billing,5460 Okeechobee Blvd.,,Auburn,AL,36832,USA1,195,street,14680 S.W. 8th St.,,Miami,FL,33196,USA1,196,jobsite,177 Parkland,,Dublin,GA,31027,USA1,197,office,375 Lee Industrial Blvd,,Melbourne,Fl,32904,USA1,198,billing,P.O. Box 1759,,Sanford,FL,32771,USA1,199,street,210 South Hoagland Blvd.,,Kissimmee,FL,34741,USA1,200,jobsite,11860 SR 84,"Building 100, Suite 550",Maitland,FL,32751,USA1,201,office,250 Springview Commerce Dr,,Zephyrhills,FL,33539,USA1,202,billing,1103 HIGHWAY 29 SOUTH,,Panama City,FL,32404,USA1,203,street,"350, rue Vachon",,Fortson,GA,31808,USA1,204,jobsite,2401 Pinson Valley Parkway,,Birmingham,AL,35217,USA1,205,office,3260 Keith Bridge Road Suite 169,,Gloversville,NY,12078,USA1,206,billing,11453 Old Crystal River Road,,Mimms,Fl,32754,USA1,207,street,1050 W. King St,Suite A206,Ft. Myers,FL,33908,USA1,208,jobsite,2401 Pinson Valley Parkway,,Ft. Pierce,FL,34947,USA1,209,office,2 Guerdon Road,,Cocoa,FL,32926,USA1,210,billing,2516 6th Avenue South,,Austell,GA,30168,USA1,211,street,851 S.W. DARWIN BLVD.,Suite A,Birmingham,AL,35217,USA1,212,jobsite,6205 Blue Lagoon Drive,,Thomaston,GA,30286,USA1,213,office,500 World Commerce Pkwy,,Kissimmee,FL,34741,USA1,214,billing,215 5th St,,Sugar Hill,GA,30518,USA1,215,street,210 South Hoagland Blvd.,Suite 200,West Point,GA,31833,USA1,216,jobsite,573 Interstate Blvd.,,Middlesburg,FL,32068,USA1,217,office,8470 NE 44th Drive,,Eagle,ID,83616,USA1,218,billing,13350 Rickenbacker Parkway,,Jacksonville,FL,32254,USA1,219,street,3160 Fairlane Farms Rd.,,Okahumpka,FL,34762,USA1,220,jobsite,BOD/CRP Building 3-2744,,Tampa,FL,33611,USA1,221,office,10 Jalan Besar,Suite 100,Panama City,FL,32404,USA1,222,billing,12556 County Road 65,,Norcross,GA,30093,USA1,223,street,450 Calaway Road,,Medley,FL,33178,USA1,224,jobsite,201 Alhambra Cir.,,DeBary,Fl,32713,USA1,225,office,3310 Hanson Street,"1530 Cornerstone, Suite 100",Dublin,GA,31021,USA1,226,billing,9200 Estero Park Commons Blvd.,,THEODORE,AL,36582,USA1,227,street,772 South Military Trail,,Jacksonville,FL,32218,USA1,228,jobsite,1364 Candler Road,Suite A,Jacksonville,FL,32254,USA1,229,office,112 East Johnson Street,,Safety Harbor,FL,34695,USA1,230,billing,Miami Marlins Stadium,,Oak Brook,IL,60523,USA1,231,street,10120 Highway 80 East,,Stuart,FL,34997,USA